{"cameraMode":{"drawMode":0,"name":"Shaded","section":"Shading Mode"},"sceneLighting":false,"audioPlay":false,"sceneViewState":{"m_AlwaysRefresh":false,"showFog":true,"showSkybox":false,"showFlares":true,"showImageEffects":true,"showParticleSystems":true,"showVisualEffectGraphs":true,"m_FxEnabled":true},"in2DMode":false,"pivot":{"x":-1.527855634689331,"y":2.869046688079834,"z":3.8150060176849367},"rotation":{"x":0.022987565025687219,"y":-0.9639955163002014,"z":0.24974647164344788,"w":0.08876487612724304},"size":2.647812843322754,"orthographic":false}