{"cameraMode":{"drawMode":0,"name":"Shaded","section":"Shading Mode"},"sceneLighting":false,"audioPlay":false,"sceneViewState":{"m_AlwaysRefresh":false,"showFog":true,"showSkybox":false,"showFlares":true,"showImageEffects":true,"showParticleSystems":true,"showVisualEffectGraphs":true,"m_FxEnabled":false},"in2DMode":false,"pivot":{"x":-1.2841179370880128,"y":0.719157338142395,"z":0.4830479621887207},"rotation":{"x":0.026535773649811746,"y":-0.947409451007843,"z":0.08340471237897873,"w":0.30831000208854678},"size":2.9492859840393068,"orthographic":false}