{"cameraMode":{"drawMode":0,"name":"Shaded","section":"Shading Mode"},"sceneLighting":true,"audioPlay":false,"sceneViewState":{"m_AlwaysRefresh":false,"showFog":true,"showSkybox":true,"showFlares":true,"showImageEffects":true,"showParticleSystems":true,"showVisualEffectGraphs":true,"m_FxEnabled":true},"in2DMode":false,"pivot":{"x":-0.6173480153083801,"y":0.6623287200927734,"z":8.111988067626954},"rotation":{"x":0.041378654539585116,"y":-0.024572648108005525,"z":0.0010291478829458356,"w":0.998858630657196},"size":6.913921356201172,"orthographic":false}