{"cameraMode":{"drawMode":0,"name":"Shaded","section":"Shading Mode"},"sceneLighting":false,"audioPlay":false,"sceneViewState":{"m_AlwaysRefresh":false,"showFog":true,"showSkybox":false,"showFlares":true,"showImageEffects":true,"showParticleSystems":true,"showVisualEffectGraphs":true,"m_FxEnabled":false},"in2DMode":false,"pivot":{"x":4.200456619262695,"y":0.5500004291534424,"z":-14.520000457763672},"rotation":{"x":0.05988195911049843,"y":-0.9316112995147705,"z":0.18340496718883515,"w":0.3084923028945923},"size":3.3073947429656984,"orthographic":false}