{"cameraMode":{"drawMode":0,"name":"Shaded","section":"Shading Mode"},"sceneLighting":false,"audioPlay":false,"sceneViewState":{"m_AlwaysRefresh":false,"showFog":true,"showSkybox":false,"showFlares":true,"showImageEffects":true,"showParticleSystems":true,"showVisualEffectGraphs":true,"m_FxEnabled":true},"in2DMode":false,"pivot":{"x":-0.0003024265170097351,"y":-1.341104507446289e-7,"z":0.0014155879616737366},"rotation":{"x":0.07039058953523636,"y":-0.6350295543670654,"z":0.05826384201645851,"w":0.7671076059341431},"size":8.257240295410157,"orthographic":false}