{"cameraMode":{"drawMode":0,"name":"Shaded","section":"Shading Mode"},"sceneLighting":true,"audioPlay":false,"sceneViewState":{"m_AlwaysRefresh":false,"showFog":true,"showSkybox":true,"showFlares":true,"showImageEffects":true,"showParticleSystems":true,"showVisualEffectGraphs":true,"m_FxEnabled":true},"in2DMode":false,"pivot":{"x":1395.244140625,"y":294.01275634765627,"z":-169.22100830078126},"rotation":{"x":0.17607147991657258,"y":-0.009453858248889447,"z":0.0016897829482331873,"w":0.9843462109565735},"size":898.4808959960938,"orthographic":false}