{"cameraMode":{"drawMode":0,"name":"Shaded","section":"Shading Mode"},"sceneLighting":true,"audioPlay":false,"sceneViewState":{"m_AlwaysRefresh":false,"showFog":true,"showSkybox":true,"showFlares":true,"showImageEffects":true,"showParticleSystems":true,"showVisualEffectGraphs":true,"m_FxEnabled":true},"in2DMode":false,"pivot":{"x":-2.053330898284912,"y":4.557373523712158,"z":-13.391526222229004},"rotation":{"x":-0.0734374150633812,"y":0.002695969771593809,"z":-0.0001710712385829538,"w":-0.9973350167274475},"size":-1.4752552509307862,"orthographic":false}