{"cameraMode":{"drawMode":0,"name":"Shaded","section":"Shading Mode"},"sceneLighting":true,"audioPlay":false,"sceneViewState":{"m_AlwaysRefresh":false,"showFog":true,"showSkybox":true,"showFlares":true,"showImageEffects":true,"showParticleSystems":true,"showVisualEffectGraphs":true,"m_FxEnabled":true},"in2DMode":false,"pivot":{"x":61.27926254272461,"y":-129.21401977539063,"z":631.3809204101563},"rotation":{"x":0.11944442242383957,"y":-0.06694334745407105,"z":0.008075103163719178,"w":0.9905856251716614},"size":570.468017578125,"orthographic":false}