{"cameraMode":{"drawMode":0,"name":"Shaded","section":"Shading Mode"},"sceneLighting":true,"audioPlay":false,"sceneViewState":{"m_AlwaysRefresh":false,"showFog":true,"showSkybox":true,"showFlares":true,"showImageEffects":true,"showParticleSystems":true,"showVisualEffectGraphs":true,"m_FxEnabled":true},"in2DMode":false,"pivot":{"x":2.8857643604278566,"y":0.41234228014945986,"z":16.122507095336915},"rotation":{"x":0.04946175962686539,"y":0.02785956673324108,"z":-0.0013831988908350468,"w":0.9984018802642822},"size":14.565485954284668,"orthographic":false}