{"cameraMode":{"drawMode":0,"name":"Shaded","section":"Shading Mode"},"sceneLighting":true,"audioPlay":false,"sceneViewState":{"m_AlwaysRefresh":false,"showFog":true,"showSkybox":true,"showFlares":true,"showImageEffects":true,"showParticleSystems":true,"showVisualEffectGraphs":true,"m_FxEnabled":true},"in2DMode":false,"pivot":{"x":0.7314155101776123,"y":2.494122266769409,"z":-2.142498016357422},"rotation":{"x":0.17673300206661225,"y":0.15725579857826234,"z":-0.028620155528187753,"w":0.971225380897522},"size":0.8642086982727051,"orthographic":false}