{"cameraMode":{"drawMode":0,"name":"Shaded","section":"Shading Mode"},"sceneLighting":false,"audioPlay":false,"sceneViewState":{"m_AlwaysRefresh":false,"showFog":true,"showSkybox":false,"showFlares":true,"showImageEffects":true,"showParticleSystems":true,"showVisualEffectGraphs":true,"m_FxEnabled":true},"in2DMode":false,"pivot":{"x":0.8816310167312622,"y":-0.47079241275787356,"z":1.4999991655349732},"rotation":{"x":-0.0734374150633812,"y":0.002695969771593809,"z":-0.0001710712385829538,"w":-0.9973350167274475},"size":0.6469234824180603,"orthographic":false}